ID,name,country,teams,total_maps,total_rounds,kd_diff,kd,rating
0,ZywOo,France,"['Vitality', 'aAa']",854,22399,5248,1.38,1.28
1,s1mple,Ukraine,"['Natus Vincere', 'FlipSid3']",1429,37717,8070,1.33,1.25
2,deko,Russia,['1WIN'],190,5096,1250,1.42,1.24
3,saffee,Brazil,['paiN'],202,5383,1211,1.37,1.24
4,sh1ro,Russia,"['Gambit', 'Gambit Youngsters']",744,19780,4593,1.43,1.22
5,m0NESY,Russia,['NAVI Junior'],144,3687,709,1.31,1.21
6,Kaze,Malaysia,"['ViCi', 'Flash', 'MVP.karnal']",784,20459,3900,1.32,1.2
7,degster,Russia,"['Spirit', 'Spirit', 'Espada']",555,14868,2745,1.31,1.19
8,sterling,New Zealand,"['AVANT', 'Dire Wolves', 'Grayhound', 'Legacy', 'Chiefs']",702,18010,3532,1.33,1.19
9,d4v41,Malaysia,"['BOOT', 'FrostFire', 'Fire Dragoon', 'BOOT-d[S]']",308,8005,1358,1.27,1.18
10,smooya,United Kingdom,"['BIG', 'BIG', 'Movistar Riders', 'Epsilon']",737,19476,3163,1.26,1.18
11,cLy,Germany,"['3DMAX', 'Planetkey', 'TCM-Gaming', 'mTw']",107,2756,461,1.26,1.18
12,w0nderful,Ukraine,"['Trasko', 'Project X']",106,2851,495,1.29,1.18
13,fxy0,France,"['Epsilon', 'Millenium']",186,4859,784,1.25,1.17
14,MisteM,South Africa,"['ATK', 'Energy', 'Sinister5']",103,2624,376,1.22,1.17
15,XANTARES,Turkey,"['Space Soldiers', 'BIG', 'BIG']",1511,39753,5320,1.2,1.17
16,Woro2k,Ukraine,"['MAD Lions', 'forZe', 'HauntedFamily']",129,3485,511,1.22,1.17
17,Laz,Japan,"['SCARZ Absolute', 'Absolute']",269,6862,1148,1.27,1.17
18,DANK1NG,China,"['TYLOO', 'EHOME']",305,8099,1269,1.24,1.16
19,SENSEi,Ukraine,"['Akuma', 'CR4ZY', 'Project X']",341,8975,1669,1.33,1.16
20,try,Argentina,['9z'],185,4854,820,1.28,1.16
21,coldzera,Brazil,"['SK', 'FaZe', 'Luminosity', 'MIBR', 'MIBR']",1336,34861,5661,1.26,1.16
22,device,Denmark,"['Astralis', 'TSM']",1733,45159,7005,1.25,1.16
23,JamYoung,China,['ViCi'],265,6992,1044,1.24,1.16
24,cosmeeeN,Romania,"['Epsilon', 'Nexus', 'XPC']",319,8310,1109,1.2,1.16
25,Sico,New Zealand,"['Renegades', 'Grayhound', 'ORDER', 'Kings']",824,20947,3686,1.3,1.16
26,XigN,Korea,"['MVP PK', 'MVP Project']",638,16454,2321,1.22,1.16
27,BnTeT,Indonesia,"['TYLOO', 'Gen.G', 'Gen.G']",969,25236,3742,1.24,1.16
28,torzsi,Hungary,"['mouz NXT', 'Budapest Five', 'Salamander']",315,8498,1225,1.23,1.16
29,blameF,Denmark,"['Complexity', 'Complexity', 'Heroic', 'Heroic', 'Epsilon']",715,19154,3110,1.27,1.16
30,z4kr,China,"['Lynn Vision', '8EASY']",199,5271,715,1.21,1.15
31,NiKo,Bosnia and Herzegovina,"['G2', 'FaZe', 'mousesports']",1493,39556,4942,1.19,1.15
32,nettik,New Zealand,"['Rooster', 'Jade']",240,6182,798,1.2,1.15
33,KSCERATO,Brazil,['FURIA'],806,20993,3430,1.28,1.15
34,vsm,Brazil,['DETONA'],448,11827,1496,1.19,1.15
35,XELLOW,Romania,['Nexus'],915,23961,2878,1.18,1.14
36,Benkai,Singapore,"['BOOT-d[S]', 'BOOT', 'dream[S]cape']",603,15560,2046,1.2,1.14
37,ju1ces,Australia,"['Rooster', 'madlikewizards', 'seadoggs']",222,5737,734,1.2,1.14
38,dizzyLife,Australia,"['Legacy', 'Chiefs']",345,8772,1208,1.22,1.14
39,Jame,Russia,"['Virtus.pro', 'AVANGAR']",1065,28226,4765,1.3,1.14
40,El1an,Russia,"['Entropiq', 'Winstrike', 'EPG']",1046,27968,3977,1.23,1.14
41,sk0R,Mongolia,"['NKT', 'D13', '2990']",211,5723,663,1.17,1.13
42,Texta,Australia,"['Chiefs', 'Athletico', 'Dark Sided']",625,15713,1750,1.16,1.13
43,zAAz,Sweden,"['Secret fe', 'Besiktas', 'Bad Monkey']",227,5502,606,1.16,1.13
44,oskar,Czech Republic,"['Sinners', 'mousesports', 'HellRaisers']",1347,35564,4509,1.2,1.13
45,mhL,Poland,['AGO'],357,9572,1235,1.2,1.13
46,woxic,Turkey,"['HellRaisers', 'mousesports', 'DarkPassage']",917,23999,3065,1.21,1.13
47,dav1d,Chile,"['Paquetá', 'Real Betis SA', 'Rysix']",227,5942,633,1.16,1.13
48,zevy,Brazil,"['Sharks', 'DETONA']",133,3506,455,1.21,1.13
49,SunPayus,Spain,"['Movistar Riders', 'Iberian Family', 'Caronte', 'Wygers', 'KPI']",157,4244,554,1.21,1.13
50,keiz,Brazil,['Santos'],133,3587,573,1.28,1.13
51,fredi,Czech Republic,['eSuba'],231,5987,661,1.17,1.13
52,mantuu,Poland,"['OG', 'ALTERNATE aTTaX', 'PANTHERS']",622,16657,2151,1.21,1.13
53,kennyS,France,"['G2', 'Envy', 'Titan']",1843,48634,6344,1.21,1.13
54,frozen,Slovakia,"['mousesports', 'eXtatus']",1080,28215,3189,1.17,1.13
55,huNter-,Bosnia and Herzegovina,"['G2', 'Valiance', 'Binary Dragons']",1330,34977,3844,1.16,1.13
56,Petra,Netherlands,"['XSET', 'Besiktas', 'expert fe', 'Singularity fe']",102,2487,262,1.16,1.13
57,erkaSt,Mongolia,"['Grayhound', 'TIGER', 'Immunity']",830,21491,2460,1.17,1.12
58,yuurih,Brazil,['FURIA'],898,23462,2802,1.19,1.12
59,dream3r,Bulgaria,"['Fiend', 'E-frag.net', 'MK', 'GPlay']",1006,26099,3512,1.22,1.12
60,xsepower,Russia,['forZe'],1061,28504,4168,1.25,1.12
61,mattcd,Australia,['Legacy'],234,5998,776,1.21,1.12
62,prelideN,Latvia,"['Latvia', 'Wolsung', 'HEY']",106,2768,184,1.09,1.12
63,Freeman,Hong Kong,"['ViCi', 'TYLOO', 'VG.Flash']",728,18573,2146,1.18,1.12
64,kNgV-,Brazil,"['MIBR', 'MIBR', 'INTZ', 'g3x']",795,20744,2373,1.17,1.12
65,deoxiDE,Australia,['Legacy'],136,3439,412,1.19,1.12
66,GooseBreeder,Canada,"['CLG Red', 'Dignitas fe', 'Those Damn Canadians']",156,3830,454,1.18,1.12
67,Calyx,Turkey,"['Space Soldiers', 'DarkPassage']",856,22293,2696,1.19,1.12
68,jOELZ,Finland,['nerdRage'],247,6433,720,1.17,1.12
69,liTTle,Russia,"['forZe', 'RuSh3D', 'Spartak', 'Enso']",458,12159,1550,1.2,1.12
70,NEOFRAG,Czech Republic,['Sinners'],440,11805,1102,1.14,1.12
71,asap,Australia,"['Rooster', 'madlikewizards']",189,4896,510,1.15,1.12
72,cath,Canada,"['Dignitas fe', 'CLG Red', 'Those Damn Canadians']",160,3977,405,1.15,1.12
73,f0rsakeN,Indonesia,"['BOOM', 'Aerowolf', 'Paper Rex']",104,2684,236,1.13,1.12
74,Jamppi,Finland,"['SJ', 'ENCE']",503,13449,1408,1.16,1.12
75,INS,Australia,"['Renegades', 'Chiefs', 'ORDER', 'Tainted Minds']",868,22077,2384,1.17,1.12
76,ropz,Estonia,['mousesports'],1001,26414,3251,1.2,1.12
77,wrath,United States,"['New Identity', 'Secret Club', 'BlackOut']",525,13568,1239,1.13,1.12
78,chelleos,New Zealand,"['Rooster', 'madlikewizards']",474,12189,1119,1.13,1.12
79,GuardiaN,Slovakia,"['Natus Vincere', 'FaZe']",1519,39782,4753,1.19,1.11
80,Twistzz,Canada,"['Liquid', 'TSM']",1227,32124,3594,1.18,1.11
81,f0rest,Sweden,"['Dignitas', 'NIP', 'NIP']",1929,49895,5571,1.17,1.11
82,CigaretteS,Thailand,"['Signature', 'MiTH', '7642']",205,5361,539,1.15,1.11
83,Luken,Argentina,"['Sharks', 'Furious', 'Furious', '9z']",239,6097,667,1.17,1.11
84,hades,Poland,"['ENCE', 'Wisla Krakow']",424,11431,1413,1.2,1.11
85,dexter,Australia,"['mousesports', 'Grayhound', 'Renegades']",868,22253,2293,1.16,1.11
86,PTC,Thailand,"['Lucid Dream', '5POWER']",476,12393,1408,1.18,1.11
87,Brehze,United States,"['Evil Geniuses', 'Evil Geniuses', 'NRG']",1091,28547,2793,1.15,1.11
88,CeRq,Bulgaria,"['Evil Geniuses', 'Evil Geniuses', 'NRG', 'Outlaws']",1130,29452,3399,1.19,1.11
89,FpSSS,Russia,"['GROND', 'No Org']",102,2720,322,1.19,1.11
90,ZELIN,Portugal,"['AlienTech', 'Giants', 'k1ck']",322,8462,856,1.15,1.11
91,splashske,Singapore,"['HZ', 'BOOT-d[S]', 'BOOT', 'dream[S]cape']",722,18651,1811,1.15,1.11
92,poizon,Bulgaria,"['Complexity', 'Complexity', 'Windigo', 'Bpro']",1041,27621,2906,1.17,1.11
93,jeyN,France,"['Heretics', 'Heretics']",122,3354,345,1.16,1.11
94,m1tch,Australia,"['Corvidae', 'TRIDENT']",110,2958,285,1.14,1.11
95,FREDDyFROG,Sweden,"['Apeks', 'Apeks', 'Chaos', 'Red Reserve', 'Japaleno', 'Galaxy Racer']",1171,31220,3578,1.18,1.11
96,ottoNd,Finland,"['HAVU', 'Valiance', 'CR4ZY', 'c0ntact']",820,21635,2505,1.19,1.11
97,gxx-,Albania,"['BLINK', 'BLINK']",145,3818,467,1.2,1.11
98,zorte,Russia,"['forZe', 'Unique', 'ex-ETHEREAL']",518,13789,1650,1.19,1.11
99,havoK,India,"['NASR', 'Risky', 'Divine Vendetta']",237,6247,581,1.14,1.11
100,saveeey,Slovenia,"['KlikTech', 'Overpowered']",141,3553,312,1.13,1.11
101,Nivera,Belgium,"['Heretics', 'Heretics', 'Vitality']",192,5130,566,1.18,1.11
102,crazyguy,Vietnam,"['Recca', 'GameTV', 'Sabertooth']",184,4594,411,1.13,1.11
103,Infinite,United States,"['Party Astronauts', 'Lazarus']",669,17474,1649,1.14,1.11
104,DeathMakeR,India,"['Entity', 'Global', 'Signify', 'JMD']",105,2717,244,1.13,1.11
105,wippie,Russia,"[""Ben's Anime Team"", 'Chaos', 'blitz']",116,3030,359,1.19,1.11
106,TenZ,Canada,"['Bad News Bears', 'ATK']",401,10399,839,1.12,1.1
107,xeta,Korea,"['MVP PK', 'm0nster']",351,8823,918,1.16,1.1
108,ekul,Australia,"['Paradox', 'SYF']",428,11069,977,1.13,1.1
109,HEN1,Brazil,"['Immortals', 'FURIA', 'Luminosity']",1020,26519,3406,1.22,1.1
110,Olivia,Thailand,"['Beyond', 'Alpha Red', 'Signature']",634,16189,1565,1.15,1.1
111,zEptonL,Denmark,"['Singularity', 'KoN Denmark', 'Optimum']",117,3082,261,1.12,1.1
112,mertz,Denmark,"['North Academy', 'Heroic', 'Heroic', 'North', 'North', 'Nordavind', 'Singularity']",955,25333,2594,1.16,1.1
113,Izzy,Turkey,"['9INE', '9INE', 'Sangal']",113,3003,328,1.17,1.1
114,Nami,United Arab Emirates,"['NASR', 'Risky']",199,5201,476,1.14,1.1
115,Vexite,Australia,"['ORDER', 'Chiefs']",208,5228,434,1.12,1.1
116,WARDELL,Canada,"['Ghost', ""Bee's Money Crew"", 'Orgless']",609,15901,1648,1.17,1.1
117,swag,United States,"['Swole Patrol', 'Torqued', 'iBUYPOWER', 'Lazarus']",556,14447,1629,1.18,1.1
118,mir,Russia,"['Spirit', 'Spirit', 'Vega Squadron', 'Gambit']",938,24644,2439,1.15,1.1
119,Farlig,Denmark,"['FunPlus Phoenix', 'Copenhagen Flames', 'GODSENT']",602,16090,1665,1.16,1.1
120,nawwk,Sweden,"['GamerLegion', 'NIP', 'NIP', 'x6tence Galaxy']",756,20188,2261,1.18,1.1
121,biguzera,Brazil,['paiN'],388,10363,1061,1.16,1.1
122,xccurate,Indonesia,"['TYLOO', 'Recca', 'BTRG']",656,16971,1661,1.15,1.1
123,h4rn,Bulgaria,"['Fiend', 'FATE']",404,10718,1206,1.19,1.1
124,aliStair,Australia,"['ORDER', 'Chiefs']",979,24933,2631,1.17,1.1
125,witz,Philippines,"['Bren', 'TNC']",336,8746,931,1.17,1.1
126,electronic,Russia,"['Natus Vincere', 'FlipSid3']",1176,31005,2823,1.14,1.1
127,Zac,Vietnam,"['Born Of Fire', 'Skyred', 'Rebellion']",130,3264,292,1.13,1.1
128,dumau,Brazil,"['GODSENT', 'Yeah', 'Evidence']",300,8000,887,1.18,1.1
129,Ax1Le,Russia,"['Gambit', 'Gambit Youngsters']",807,21427,2144,1.16,1.1
130,mini,Turkey,"['Royal Bandits', 'DarkPassage', 'ex-DarkPassage', 'Demise']",318,8292,641,1.11,1.1
131,allu,Finland,"['ENCE', 'NIP', 'NIP', 'FaZe']",1603,41986,4343,1.16,1.1
132,moose,Canada,"['eUnited', 'Rise Nation']",752,19559,1975,1.16,1.1
133,mixwell,Spain,"['OpTic', 'Movistar Riders']",840,21804,1911,1.13,1.09
134,SNk,Kyrgyzstan,['Tengri'],224,5918,503,1.13,1.09
135,Sonic,South Africa,"['Extra Salt', 'Bravado', 'Cloud9', 'ATK']",866,22274,2104,1.15,1.09
136,syrsoN,Germany,"['BIG', 'BIG', 'ALTERNATE aTTaX', 'Sprout']",1557,41316,4163,1.16,1.09
137,mezii,United Kingdom,"['Endpoint', 'Endpoint', 'GamerLegion', 'Cloud9', 'Vexed']",378,10332,1001,1.15,1.09
138,oSee,United States,"['Extra Salt', 'Singularity', 'Cloud9', 'Gorilla Gang']",885,22946,2380,1.16,1.09
139,KQLY,France,"['LDLC', 'LDLC', 'Titan', 'Clan-Mystik']",250,6394,524,1.12,1.09
140,cynic,United States,['Triumph'],423,10970,1064,1.15,1.09
141,gas,China,"['Wings Up', 'Wings Up', 'LGD', 'EDG', 'Aster']",424,11049,705,1.09,1.09
142,dispenser,Philippines,['Mineski'],188,4793,280,1.08,1.09
143,dennyslaw,Bulgaria,['SKADE'],880,23616,2195,1.14,1.09
144,Remind,Tunisia,"['Tunisia', 'Yalla', 'Limitless']",101,2685,169,1.09,1.09
145,GeT_RiGhT,Sweden,"['NIP', 'NIP']",1744,45005,4289,1.15,1.09
146,JUGi,Denmark,"['Heroic', 'Heroic', 'OpTic', 'Tricked', 'North', 'North']",935,24296,2659,1.18,1.09
147,zehN,Finland,"['GODSENT', 'HAVU', 'PENTA', 'PENTA']",1031,27206,2307,1.13,1.09
148,lollipop21k,Belarus,"['Nemiga', 'GoodJob']",1046,28053,2279,1.12,1.09
149,dgt,Uruguay,"['9z', 'Malvinas']",285,7450,763,1.16,1.09
150,Cooper,United States,"['Swole Patrol', 'eUnited', 'Triumph']",729,18904,1883,1.16,1.09
151,Magisk,Denmark,"['Astralis', 'SK', 'Dignitas']",1290,33939,3224,1.15,1.09
152,ZOREE,Finland,"['HAVU', 'iGame.com', 'SJ']",1598,42423,4309,1.16,1.09
153,ryx,United States,"['Echo Fox', 'Splyce', 'Ghost', 'Dignitas', 'Tempo Storm', 'Conquest']",491,12856,1181,1.14,1.09
154,keeyto,Australia,"['Paradox', 'MC', 'rewound']",202,5211,442,1.13,1.09
155,floppy,United States,"['Cloud9', 'Singularity', 'ATK']",669,17567,1368,1.12,1.09
156,ScreaM,Belgium,"['Envy', 'G2', 'Titan', 'VeryGames']",1430,37087,3105,1.13,1.09
157,valde,Denmark,"['OG', 'North', 'North', 'Heroic', 'Heroic']",1170,31047,2711,1.13,1.09
158,EliGE,United States,['Liquid'],1476,38669,2796,1.11,1.09
159,BL1TZ,Australia,"['Chiefs', 'Legacy', 'AVANT', 'Funky Monkeys']",716,18370,1560,1.13,1.09
160,minimal,Argentina,"['River Plate', 'Malvinas', 'Furious', 'Furious']",122,3231,287,1.14,1.09
161,k0nfig,Denmark,"['Dignitas', 'OpTic', 'Complexity', 'Complexity', 'North', 'North']",1418,37477,2415,1.09,1.09
162,dupreeh,Denmark,"['Astralis', 'TSM']",1832,47667,4267,1.14,1.09
163,Hatz,Australia,"['Renegades', 'ORDER', 'Kings']",869,22188,2030,1.14,1.09
164,NAF,Canada,"['Liquid', 'OpTic']",1437,37717,3614,1.15,1.09
165,ritchiEE,Belgium,"['GORILLAZ', 'GORILLAZ', 'EC Brugge', 'EC Brugge', 'Tenerife Titans', 'MAESTRO']",185,4902,403,1.13,1.09
166,Machinegun,Mongolia,"['TheMongolz', 'Mazaalai', 'Splyce']",407,10370,680,1.09,1.09
167,Attacker,China,"['TYLOO', 'Flash']",1175,30177,2576,1.13,1.09
168,tor1towOw,Peru,"['Infinity', 'Infinity', 'Niknexus', 'Supremacy', 'Supremacy']",160,4111,300,1.11,1.09
169,nex,Germany,"['BIG', 'BIG', 'mousesports']",1074,28389,2435,1.13,1.09
170,s4,Ukraine,['EC Kyiv'],139,3696,337,1.15,1.09
171,PALM1,Sweden,"['TEAM5', 'Tikitakan', 'Wizards']",155,4216,226,1.07,1.09
172,husK,Australia,"['Control', 'Riotous', 'Fighting 4 Freedom']",117,2954,150,1.07,1.09
173,fer,Brazil,"['SK', 'MIBR', 'MIBR', 'Luminosity']",1336,34798,2636,1.11,1.09
174,Summer,China,"['TYLOO', 'Flash']",1182,30399,2767,1.14,1.08
175,HaZR,Australia,"['AVANT', 'Breakaway', 'Dire Wolves']",625,16006,1064,1.1,1.08
176,Troubley,Germany,"['mousesports', 'PENTA', 'PENTA', 'Planetkey']",266,6808,484,1.1,1.08
177,trk,Brazil,"['TeamOne', 'MIBR', 'MIBR']",702,18349,1507,1.13,1.08
178,Sayf,Sweden,"['Singularity', 'Gatekeepers']",346,9334,684,1.11,1.08
179,nukkye,Lithuania,"['Imperial', 'HellRaisers', 'NoChance']",592,15492,1330,1.13,1.08
180,2D,Australia,"['Ground Zero', 'R!OT', 'Downfall']",136,3524,343,1.15,1.08
181,Spinx,Israel,"['ENCE', 'c0ntact', 'Tikitakan']",274,7270,597,1.13,1.08
182,nython,Brazil,"['Paquetá', 'RED Canids']",341,9076,786,1.13,1.08
183,Xeppaa,United States,"['Chaos', 'Rap Gang', 'Cloud9']",367,9519,703,1.11,1.08
184,pz,Australia,"['VERTEX', 'TRUCKERS WITH ATTITUDE', 'Airborne']",287,7473,636,1.13,1.08
185,sergej,Finland,"['ENCE', 'HAVU']",731,19266,1773,1.14,1.08
186,exit,Brazil,['Sharks'],566,14567,1446,1.16,1.08
187,REOVA,Turkey,"['RONIN', 'FRENCH CANADIANS']",145,3775,331,1.14,1.08
188,potter,United States,"['CLG Red', 'RES', 'Ubinited']",119,2979,225,1.11,1.08
189,FL1T,Russia,['forZe'],1121,30232,2645,1.13,1.08
190,PwnAlone,United States,"['Party Astronauts', 'New England Whalers', 'High Coast', 'Vireo.pro']",675,17678,1489,1.13,1.08
191,Savage,China,"['VG.CyberZen', 'ViCi', 'CyberZen', '5POWER']",836,21434,1926,1.14,1.08
192,felps,Brazil,"['SK', 'Immortals', 'Tempo Storm']",899,22930,1509,1.09,1.08
193,DJOXiC,Serbia,"['Binary Dragons', 'iNation', 'Valiance']",489,12531,1204,1.15,1.08
194,faveN,Germany,"['Sprout', 'EURONICS']",1168,31129,2578,1.13,1.08
195,shox,France,"['Vitality', 'G2', 'Envy']",1873,49128,3882,1.12,1.08
196,keev,Germany,"['ALTERNATE aTTaX', 'BIG', 'BIG', 'KILLERFISH']",594,15524,1217,1.12,1.08
197,Detrony,South Africa,['Bravado'],400,10133,827,1.13,1.08
198,Inseaniac,Canada,"['GGPR', 'GGPR', 'Thunder Logic']",169,4508,323,1.11,1.08
199,Impulse,Serbia,"['ONYX', 'ONYX', 'Valiance', 'lvlUP', 'RESISTANCE']",663,17556,1450,1.13,1.08
200,b4rtiN,Brazil,"['GODSENT', 'TeamOne']",380,9951,835,1.13,1.08
201,draken,Sweden,"['Epsilon', 'NIP', 'NIP', 'Red Reserve']",1028,27086,2454,1.14,1.08
202,ShahZaM,United States,"['Complexity', 'Complexity', 'Misfits', 'Echo Fox', 'Conquest', 'OpTic']",966,25252,2058,1.13,1.08
203,ptr,United States,"['Bad News Bears', 'NRG', 'Complexity', 'Complexity']",1113,29154,2761,1.15,1.08
204,KmZ,United States,"['OCG', 'OCG', 'Levitate', 'Variance', 'Faint']",194,4991,256,1.07,1.08
205,MICHU,Poland,"['Virtus.pro', 'Kinguin', 'CSGL']",1627,42782,2873,1.1,1.08
206,jayzaR,Sweden,"['Valiance', 'Enyoy']",502,13242,889,1.1,1.08
207,Papichulo,Philippines,"['Bren', 'TNC']",330,8596,641,1.11,1.08
208,dycha,Poland,"['ENCE', 'Sprout', 'Aristocracy']",635,17055,1118,1.1,1.08
209,CRUC1AL,Netherlands,"['Endpoint', 'Endpoint', 'Epsilon']",1306,34181,2665,1.12,1.08
210,autimatic,United States,"['Cloud9', 'Gen.G', 'Gen.G']",1122,29309,2278,1.12,1.08
211,NaToSaphiX,Denmark,"['Sprout', 'Nordavind']",926,24733,2436,1.16,1.08
212,hardzao,Brazil,"['paiN', 'DETONA']",468,12274,1087,1.14,1.08
213,meyern,Argentina,"['Furious', 'Furious', 'MIBR', 'MIBR', 'Isurus', 'Sharks']",400,10387,680,1.1,1.07
214,hallzerk,Norway,"['Dignitas', 'Nordavind']",592,16008,1161,1.11,1.07
215,KllyVe,Belgium,"['Galaxy Racer fe', 'expert fe', 'Assassins', 'CM Storm']",149,3828,266,1.1,1.07
216,latto,Brazil,"['GODSENT', 'RED Canids']",204,5440,448,1.13,1.07
217,flameZ,Israel,"['OG', 'Endpoint', 'Endpoint']",305,8148,508,1.09,1.07
218,mimi,Denmark,"['XSET', 'Secret fe', 'WRTP', 'Games4u fe']",170,4029,261,1.1,1.07
219,Liazz,Australia,"['EXTREMUM', 'Renegades', 'ORDER', '100 Thieves', '100 Thieves', 'Kings', 'Athletico']",918,23699,2000,1.14,1.07
220,jks,Australia,"['Complexity', 'Complexity', 'Renegades', '100 Thieves', '100 Thieves']",1144,29891,2339,1.12,1.07
221,dapr,United States,['eUnited'],594,15426,1002,1.1,1.07
222,flomaster,Kazakhstan,"['zARLANS', 'LOG', 'Tengri', 'AVANGAR']",127,3307,217,1.1,1.07
223,YEKINDAR,Latvia,"['Virtus.pro', 'pro100', 'EPG']",988,26237,1299,1.07,1.07
224,InfrequeNt,Australia,"['Athletico', 'Tainted Minds', 'Chiefs']",467,12046,944,1.12,1.07
225,hAdji,France,"['LDLC', 'LDLC', 'EnVyUs Academy', '3DMAX']",1006,26535,1902,1.11,1.07
226,NikoM,Argentina,"['DETONA', 'TeamOne', 'Isurus']",451,11509,844,1.11,1.07
227,FalleN,Brazil,"['SK', 'MIBR', 'MIBR', 'Luminosity']",1430,37421,3565,1.16,1.07
228,ayken,Germany,"['Demolition Crew', 'Sprout']",184,4919,296,1.09,1.07
229,pancc,Brazil,"['Sharks', 'W7M']",505,13196,814,1.09,1.07
230,rain,Canada,"['Dignitas fe', 'Karma', 'Those Damn Canadians']",191,4817,347,1.11,1.07
231,cqntrl,Brazil,"['Keyd', 'PITS', 'Black Dragons']",104,2800,182,1.1,1.07
232,Brollan,Sweden,"['fnatic', 'GODSENT']",874,23244,1417,1.09,1.07
233,joel,Sweden,"['Galaxy Racer', 'flowskola']",141,3784,265,1.11,1.07
234,smike,Ukraine,"[""spray'n'pray"", 'pro100', 'ACG', 'eXplosive', 'k1ck']",480,12461,655,1.08,1.07
235,nicoodoz,Denmark,"['Copenhagen Flames', 'Singularity']",477,12916,1150,1.14,1.07
236,paz,Turkey,"['Sangal', 'Space Soldiers']",1053,27610,1997,1.11,1.07
237,Lucky,Denmark,['Tricked'],342,9290,766,1.13,1.07
238,SideStep,United States,"['Party Astronauts', 'Vikings', 'Excelerate']",113,2940,213,1.11,1.07
239,shz,Brazil,"['MIBR', 'MIBR', 'Luminosity', 'Imperial', 'INTZ', 'BOOM']",775,20098,1493,1.12,1.07
240,fejtZ,Estonia,"['SMASH', 'ArchAngels']",733,19457,1322,1.1,1.07
241,slaxz-,Germany,"['Sprout', 'ALTERNATE aTTaX']",680,18334,1488,1.13,1.07
242,EspiranTo,Lithuania,"['Imperial', 'Valiance', 'CR4ZY', 'c0ntact']",857,22439,1334,1.09,1.07
243,di^,United States,['CLG Red'],180,4495,352,1.12,1.07
244,anarkez,Israel,"['Secret', 'Lyngby Vikings']",471,12627,898,1.11,1.07
245,NikkeZ,Australia,"['Ground Zero', 'Athletico', 'Legacy']",376,9711,581,1.09,1.07
246,n1ssim,Brazil,"['Case', 'Case']",119,3161,233,1.11,1.07
247,xand,Brazil,"['INTZ', 'Yeah']",515,13210,875,1.1,1.07
248,Rickeh,Australia,"['ORDER', 'CLG', 'Rogue', 'Renegades']",860,22524,1989,1.14,1.07
249,somebody,China,['TYLOO'],1216,31454,2120,1.1,1.07
250,QKA,China,"['5POWER', 'UYA', 'BOOT']",399,10332,707,1.1,1.07
251,downie,Sweden,"['Torpedo', 'ArchAngels']",317,8286,656,1.13,1.07
252,blackpoisoN,South Africa,"['ATK', 'Bravado', 'Energy', 'Denial']",295,7528,461,1.09,1.07
253,Krimbo,Germany,"['ALTERNATE aTTaX', 'BIG Academy', 'BIG Academy']",190,5022,357,1.11,1.07
254,CLASIA,United States,"['RBG', 'Secret Club', 'Kinship']",182,4765,318,1.1,1.07
255,WorldEdit,Russia,"['FlipSid3', 'pro100', 'Winstrike']",1328,34716,2476,1.11,1.07
256,Hobbit,Kazakhstan,"['Gambit', 'Winstrike']",1040,27440,1981,1.11,1.07
257,boltz,Brazil,"['Immortals', 'Luminosity', 'SK']",1184,30851,2413,1.12,1.07
258,shroud,Canada,['Cloud9'],676,17460,1311,1.12,1.07
259,agM,United States,"['Excelerate', 'WinOut.net', 'Stay Frosty', 'Polar Ace']",134,3428,201,1.09,1.07
260,Pimp,Denmark,"['Dignitas', 'SK', 'Liquid', 'CPH Wolves']",976,25052,2016,1.13,1.07
261,iDISBALANCE,Russia,"['Nemiga', 'Spirit', 'Spirit']",688,18316,1550,1.14,1.07
262,Ryxxo,Denmark,"['Tricked', 'Singularity', 'unknown', 'Ambush']",731,19178,1488,1.12,1.07
263,Konvict,South Africa,"['Aperture', 'Big 5']",105,2619,189,1.11,1.07
264,DD,China,"['TYLOO', 'OneThree']",910,23543,1527,1.1,1.07
265,Jinx,Korea,"['GOSU', 'YETTI', 'Lucid Dream']",196,5038,299,1.09,1.07
266,bLitz,Mongolia,"['Checkmate', 'Checkmate']",106,2858,116,1.06,1.06
267,zhokiNg,China,"['ViCi', 'VG.CyberZen']",1177,30044,1502,1.07,1.06
268,vilga,Russia,"['Secret fe', 'Russian Forces']",227,5573,350,1.09,1.06
269,fame,Russia,"['K23', 'K23', 'SG.pro']",314,8454,514,1.09,1.06
270,JOTA,Brazil,"['Bravos', 'Keyd', 'Santos']",252,6581,454,1.11,1.06
271,Grim,United States,"['Liquid', 'Triumph', 'Dignitas', 'Spacestation', 'The Quest']",756,19877,890,1.07,1.06
272,iGm,Romania,"['Nexus', 'Invictus Aquilas']",150,3923,160,1.06,1.06
273,JeXeN,China,"['ViCi', 'LGD']",125,3111,200,1.1,1.06
274,Keiti,United States,['Mythic'],203,5452,227,1.06,1.06
275,leaf,United States,"['Chaos', 'Rugratz', 'Zone']",254,6523,352,1.08,1.06
276,V4D1M,Russia,"['Invictus', 'Invictus', 'ROAR', '8EASY', 'Invictus Int']",315,8236,604,1.11,1.06
277,flexeeee,South Africa,"['Energy', 'carboN', 'Sinister5']",173,4333,256,1.09,1.06
278,DaZeD,United States,"['iBUYPOWER', 'Quantic', 'subtLe']",170,4518,309,1.1,1.06
279,Valiance,Australia,"['ORDER', 'Paradox']",518,13346,883,1.1,1.06
280,acoR,Denmark,"['mousesports', 'Tricked', 'North Academy', 'MAD Lions']",1017,26597,1956,1.12,1.06
281,ofnu,New Zealand,"['Tainted Minds', 'Chiefs', 'AVANT', 'Winterfox']",852,21778,1380,1.1,1.06
282,SHiPZ,Bulgaria,"['SKADE', 'Windigo']",1391,36918,1885,1.07,1.06
283,AnJ,Denmark,"['NRG', 'Singularity', 'Tricked']",403,10503,763,1.11,1.06
284,j9,Thailand,"['Signature', 'Beyond']",114,2879,106,1.05,1.06
285,Ethan,United States,"['NRG', 'CLG', 'Evil Geniuses', 'Evil Geniuses']",986,25998,1488,1.09,1.06
286,tucks,Australia,['Chiefs'],689,17415,1281,1.11,1.06
287,juliano,Sweden,"['Secret fe', 'Besiktas']",252,6104,352,1.09,1.06
288,Roflko,Australia,"['VERTEX', 'Bantz', 'Bantz', 'Justice']",214,5531,265,1.07,1.06
289,sausol,Spain,"['MAD Lions', 'Cream', 'Rocketlauncher$']",145,3942,238,1.09,1.06
290,frei,United Kingdom,"['Epsilon', 'Fierce', 'Wind and Rain']",256,6660,412,1.09,1.06
291,TeSeS,Denmark,"['Heroic', 'Heroic', 'Copenhagen Flames', 'GoldenGitte']",696,18582,1056,1.08,1.06
292,olofmeister,Sweden,"['FaZe', 'fnatic']",1506,39348,2774,1.11,1.06
293,Happy,France,"['Envy', 'LDLC', 'LDLC']",1464,37933,2745,1.11,1.06
294,Ant1ka,Russia,"['Secret fe', 'YP Ladies', 'Russian Forces', 'RES', 'Lazarus fe']",126,3135,243,1.12,1.06
295,4pack,United States,"['Rebirth', 'blood, sweat, and tears', 'Rap Gang', 'Variance']",228,5904,239,1.06,1.06
296,Derkeps,Finland,['KOVA'],113,2948,86,1.04,1.06
297,XotiC,United States,"['ChocoCheck', 'Rebirth', 'Splyce']",267,7032,467,1.1,1.06
298,L!nKz^,Chile,"['Isurus', 'Malvinas', 'Andes', 'Force of Nature']",213,5606,408,1.11,1.06
299,AE,China,"['EMP', 'Eclipse']",302,7813,294,1.05,1.06
300,snatchie,Poland,"['AGO', 'Virtus.pro', 'Sprout']",1359,36521,1979,1.08,1.06
301,koosta,United States,"['CLG', 'Ghost', 'Gen.G', 'Gen.G', 'Enemy']",951,25077,1350,1.08,1.06
302,COLDYY1,Ukraine,"['Spirit', 'Spirit']",947,24917,1718,1.11,1.06
303,Maka,France,"['LDLC', 'LDLC', 'Heretics', 'Heretics', '3DMAX']",1053,27999,1866,1.1,1.06
304,JohnOlsen,Thailand,"['Lucid Dream', 'Beyond']",206,5353,261,1.07,1.06
305,sdy,Ukraine,"['Spirit', 'Spirit']",952,25057,1864,1.12,1.06
306,nexa,Serbia,"['G2', 'Valiance', 'Imperial']",1154,30476,2108,1.11,1.06
307,scoobyxie,Ukraine,"['HellRaisers', 'Vega Squadron', 'k1ck']",237,6341,421,1.1,1.06
308,Skadoodle,United States,['Cloud9'],1047,27129,2458,1.15,1.06
309,flying,China,"['Invictus', 'Invictus']",377,10075,516,1.07,1.06
310,chawzyyy,Sweden,"['Galaxy Racer', 'flowskola']",185,4988,279,1.09,1.06
311,jL,Lithuania,"['MAD Lions', 'selectah']",130,3505,185,1.08,1.06
312,suNny,Finland,"['ENCE', 'mousesports', 'PENTA', 'PENTA']",1265,33373,1562,1.07,1.06
313,B1T,Ukraine,"['Natus Vincere', 'NAVI Junior']",317,8406,524,1.1,1.06
314,TOR,Thailand,"['Signature', 'Beyond']",452,11472,657,1.09,1.06
315,opportunity,United States,"['Fam143', 'iNTACT', 'Blackwoodproductions', 'slashLEVEL']",129,3464,133,1.05,1.06
316,chelo,Brazil,"['MIBR', 'MIBR', 'INTZ', 'Luminosity', 'BOOM']",787,20340,1110,1.08,1.06
317,Gratisfaction,New Zealand,"['EXTREMUM', 'Grayhound', 'Renegades', '100 Thieves', '100 Thieves', 'Immunity']",882,22943,1687,1.12,1.06
318,refrezh,Denmark,"['Fragsters', 'Copenhagen Flames', 'Tricked', 'OpTic']",850,22613,1350,1.09,1.06
319,SLOWLY,China,"['TYLOO', 'EHOME']",454,12031,560,1.07,1.06
320,Rainwaker,Bulgaria,['SKADE'],836,22503,1435,1.1,1.05
321,Ace,India,"['Entity', 'XCN', '5orgless']",134,3350,198,1.09,1.05
322,crashies,United States,"['Riot Squad', 'Bad News Bears']",336,8723,459,1.08,1.05
323,imoRR,Turkey,"['Sangal', 'Royal Bandits']",389,10444,256,1.03,1.05
324,smooth_criminal22,Australia,"['madlikewizards', 'TRUCKERS WITH ATTITUDE', 'Athletico', 'Airborne']",290,7396,295,1.06,1.05
325,Zilkenberg,Mongolia,"['TheMongolz', 'AUGUST']",321,8172,464,1.09,1.05
326,KEi,Poland,"['AVEZ', 'Anonymo']",537,14445,535,1.05,1.05
327,Qikert,Kazakhstan,"['Virtus.pro', 'AVANGAR']",1145,30242,1969,1.1,1.05
328,tabseN,Germany,"['BIG', 'BIG', 'PENTA', 'PENTA', 'mousesports']",1775,46826,1523,1.05,1.05
329,lan,China,"['Wings Up', 'Wings Up', 'OneThree', 'IPET', 'BTRG']",261,6748,326,1.07,1.05
330,rallen,Poland,"['AGO', 'Kinguin']",1650,44052,2856,1.1,1.05
331,ISSAA,Jordan,"['HellRaisers', 'OG']",824,21606,1311,1.09,1.05
332,atter,Sweden,"['Torpedo', 'Renegades']",240,6228,244,1.06,1.05
333,SaVage,Australia,"['Dire Wolves', 'Downfall']",123,3057,242,1.13,1.05
334,remix,Brazil,"['Havan Liberty', 'Redemption POA', 'Avalanche']",271,7092,374,1.08,1.05
335,flaw,Australia,"['Jade', 'seadoggs', 'Eimi Fukada FC']",139,3488,137,1.06,1.05
336,Aerial,Finland,"['HAVU', 'ENCE']",854,22612,1179,1.08,1.05
337,EMUHLEET,United States,"['Dignitas fe', 'Karma']",175,4405,345,1.13,1.05
338,KRIMZ,Sweden,['fnatic'],1663,43731,2981,1.11,1.05
339,cajunb,Denmark,"['North', 'North', 'TSM', 'OpTic', 'Dignitas']",1685,44055,2857,1.1,1.05
340,REDSTAR,Bulgaria,"['Fiend', 'Bpro']",508,13423,908,1.11,1.05
341,kanii,South Africa,"['DNMK', 'Energy', 'Aperture']",179,4436,207,1.07,1.05
342,roeJ,Denmark,"['Copenhagen Flames', 'MAD Lions', 'Tricked']",647,17091,861,1.07,1.05
343,Marcelious,Norway,"['777', 'Apeks', 'Apeks', 'NOREG']",393,10692,551,1.08,1.05
344,nin9,Mongolia,"['Renewal', 'TIGER', 'Mazaalai']",314,8269,555,1.1,1.05
345,twist,Sweden,"['GODSENT', 'fnatic', 'NIP', 'NIP']",1512,39962,2035,1.08,1.05
346,bottle,China,"['Invictus', 'Invictus', 'Born Of Fire', 'Eclipse', '5POWER', 'CyberZen']",756,19492,848,1.06,1.05
347,penny,Canada,"['Triumph', 'Rugratz', 'Divine']",228,6019,225,1.05,1.05
348,mou,Kazakhstan,"['K23', 'K23', 'Gambit', 'HellRaisers', 'Syman']",1467,38924,2475,1.1,1.05
349,juanflatroo,Albania,"['BLINK', 'BLINK', 'Secret', 'm1x']",374,9963,299,1.04,1.05
350,Ramz1kBO$$,Kazakhstan,"['Tengri', 'Syman']",425,11070,553,1.07,1.05
351,lainNy,Latvia,"['Smoke Criminals', 'Endpoint', 'Endpoint']",107,2881,104,1.05,1.05
352,HZ,China,"['TYLOO', 'CyberZen', 'AllGamers']",500,12856,691,1.08,1.05
353,Westmelon,China,['Lynn Vision'],210,5497,189,1.05,1.05
354,Daveys,Colombia,"['Infinity', 'Infinity', 'Vault']",267,6672,411,1.09,1.05
355,KHTEX,Brazil,"['Paquetá', 'Wild', 'Virtue']",574,14745,967,1.1,1.05
356,Mr.six,China,"['New4', 'FIVE']",244,6220,200,1.04,1.05
357,Maden,Montenegro,"['FunPlus Phoenix', 'GODSENT', 'SMASH']",532,14174,491,1.05,1.05
358,DavCost,Russia,"['Spirit', 'Spirit', '1WIN']",1112,29193,1735,1.09,1.05
359,Gospadarov,Russia,"['NAVI Junior', 'Quantum Bellator Fire']",310,8323,550,1.11,1.05
360,flusha,Sweden,['fnatic'],1792,46987,2770,1.09,1.05
361,Temperature,United States,"['The Fundamentals', 'absolute mad lads', 'Just A Glimpse']",118,3034,109,1.05,1.05
362,Domsterr,South Africa,"['ATK', 'Energy', 'Denial', 'Aperture']",274,6833,439,1.1,1.05
363,Blastinho,Spain,"['k1ck', 'Cream', 'KIYF']",120,3197,169,1.08,1.05
364,JW,Sweden,['fnatic'],1879,49346,2349,1.07,1.05
365,motm,United States,"['ATK', 'Cloud9']",735,19337,870,1.07,1.05
366,Sys,Indonesia,"['Recca', 'nxl']",324,8237,435,1.08,1.05
367,yay,United States,"['Complexity', 'Complexity', 'Orgless']",653,17182,604,1.05,1.05
368,cadiaN,Denmark,"['Heroic', 'Heroic', 'Rogue', 'SK', 'North', 'North']",1340,35365,2389,1.11,1.05
369,3ARK00Z,Jordan,"['Triumph', 'Yalla', 'GGPR', 'GGPR', 'Chosen5']",169,4387,144,1.05,1.05
370,Swahn,United States,"['iNTACT', 'Bushido Boyz', 'Levitate', 'Chris and the boys', 'CENSRD']",250,6516,370,1.09,1.05
371,Annihilation,Mongolia,['D13'],184,4928,316,1.1,1.05
372,jtr,New Zealand,"['Dynasty', 'Incept', 'Jade', 'Rooster 2']",146,3784,164,1.06,1.05
373,SicK,United States,"['Rogue', 'Misfits', 'TSM']",795,20701,1040,1.07,1.05
374,NEEX,Poland,"['Izako Boars', 'ESC']",429,11195,574,1.08,1.05
375,zeph,Australia,"['ORDER', 'Chiefs', 'Ground Zero', 'AVANT']",516,13136,462,1.05,1.05
376,broky,Latvia,"['FaZe', 'Epsilon']",547,14550,1001,1.11,1.05
377,NyX,Croatia,"['Locastic', 'Squared', 'Croatia', 'GIANT5']",128,3273,71,1.03,1.05
378,malbsMd,Guatemala,"['TeamOne', 'Infinity', 'Infinity']",387,9879,203,1.03,1.05
379,VAATI,Peru,"['Jaguar', 'Denial']",126,3176,172,1.08,1.05
380,loWel,Spain,"['Movistar Riders', 'PENTA', 'PENTA', 'mousesports']",1008,26413,1739,1.1,1.05
381,Flarich,Latvia,"['HellRaisers', 'pro100']",1058,28161,1801,1.1,1.05
382,reiko,Poland,['HONORIS'],244,6452,110,1.02,1.05
383,Sobol,Poland,"['PACT', 'PACT']",617,16769,789,1.07,1.05
384,k1tkat,United Arab Emirates,"['NASR', 'Risky']",242,6302,202,1.05,1.05
385,kajsk1ng,Netherlands,"['LowLandLions', 'Playing Ducks', 'Netherlands', 'Defusekids']",153,3988,95,1.03,1.05
386,zemp,Australia,"['Ground Zero', 'TRIDENT']",178,4640,121,1.04,1.05
387,Zellsis,United States,"['Swole Patrol', 'Lazarus']",626,16210,803,1.07,1.05
388,kabal,Mongolia,"['5POWER', 'TheMongolz', 'TIGER']",714,18733,1037,1.08,1.05
389,BRUNO,Peru,"['Jaguar', 'Supremacy', 'Supremacy']",134,3325,44,1.02,1.05
390,SandeN,Denmark,"['SK', 'eFuture']",328,8560,355,1.06,1.05
391,jackhan,China,['New4'],275,7075,300,1.06,1.05
392,FiReMaNNN,Chile,"['Andes', 'Hafnet', 'Force of Nature', 'rEAK']",140,3703,120,1.05,1.05
393,christo,Argentina,"['Durany', 'ex-Durany']",142,3747,160,1.06,1.05
394,rommi,Russia,"['Spirit Academy', 'Spirit Academy', 'HOLLYWOOD', 'PLINK', '1337']",516,13467,604,1.06,1.05
395,PANIX,Germany,"['ALTERNATE aTTaX', 'BIG Academy', 'BIG Academy']",197,5188,234,1.07,1.05
396,nqz,Brazil,"['DETONA', 'Alma', 'e-Galo']",117,3046,193,1.1,1.05
397,buster,Kazakhstan,"['Virtus.pro', 'AVANGAR']",1151,30386,2016,1.11,1.04
398,aumaN,China,['ViCi'],843,21616,1204,1.08,1.04
399,raafa,Brazil,['W7M'],605,15881,1010,1.1,1.04
400,STOMP,Poland,"['Izako Boars', 'x-kom', 'Illuminar', 'HONORIS']",771,20635,1317,1.1,1.04
401,MarKE,Mexico,"['Extra Salt', 'eUnited', 'Swole Patrol']",795,20430,1105,1.08,1.04
402,n0rb3r7,Russia,"['K23', 'K23', 'Winstrike', 'Syman']",867,23264,671,1.04,1.04
403,Kjaerbye,Denmark,"['North', 'North', 'Dignitas', 'Astralis']",1519,39947,2110,1.08,1.04
404,Lucky,France,"['DBL PONEY', 'Heretics', 'Heretics', 'G2', '3DMAX']",989,26323,1447,1.09,1.04
405,fnx,Brazil,"['Luminosity', 'SK', 'Immortals', 'RED Canids', 'Não Tem Como']",605,15482,852,1.08,1.04
406,malta,Australia,"['Renegades', 'Grayhound', 'Chiefs']",910,23211,1301,1.09,1.04
407,Aunkere,Russia,['NAVI Junior'],290,7533,262,1.05,1.04
408,stavn,Denmark,"['Heroic', 'Heroic', 'Fragsters']",989,26338,1131,1.06,1.04
409,DubsteP,Philippines,"['Mineski', 'ArkAngel', 'RRQ']",189,4824,232,1.07,1.04
410,smiley,Kazakhstan,"['100PG', 'Se7en']",301,8122,482,1.09,1.04
411,mawth,Brazil,"['WePlayGames', 'Keyd', 'Falkol', 'EOX']",222,5774,218,1.06,1.04
412,iM,Romania,"['GamerLegion', 'Nexus']",561,14978,449,1.04,1.04
413,oliff,Australia,"['FURY', 'MC', 'R!OT', 'rewound']",120,3121,99,1.05,1.04
414,PureR,United States,"['Thunder Logic', 'Ajax']",171,4471,98,1.03,1.04
415,Geniuss,Thailand,"['Signature', 'Beyond', 'Lucid Dream']",396,10099,326,1.05,1.04
416,zewsy,New Zealand,"['Tainted Minds', 'Chiefs', 'Winterfox']",618,15666,667,1.06,1.04
417,Reality,Thailand,"['Signature', 'Maple', 'ZIGMA']",365,9318,475,1.08,1.04
418,Chuti,Mexico,"['QuetzaL', 'Infinity', 'Infinity']",134,3524,104,1.04,1.04
419,Bubzkji,Denmark,"['Tricked', 'Fragsters', 'MAD Lions']",796,21077,994,1.07,1.04
420,kobruh,United States,"['Recon 5', 'Forty Six and 2', 'Rugratz', 'Kinship']",239,6319,199,1.05,1.04
421,Bwills,United States,"['Triumph', 'Infamous']",567,14711,633,1.06,1.04
422,sjuush,Denmark,"['Heroic', 'Heroic', 'Tricked', 'MAD Lions']",690,18199,908,1.08,1.04
423,Snakes,United States,"['Spacestation', 'The Quest', 'SoaR']",403,10328,461,1.07,1.04
424,Hiko,United States,"['Liquid', 'Rogue']",937,24398,1532,1.1,1.04
425,Kntz,Thailand,"['Alpha Red', 'Beyond', 'NSPR']",467,12011,641,1.08,1.04
426,takbok,South Africa,"['Big 5', 'Energy', 'Aperture']",148,3700,228,1.1,1.04
427,deStiny,Australia,"['Ground Zero', 'Immunity', 'Chiefs']",262,6778,94,1.02,1.04
428,Snax,Poland,['Virtus.pro'],2024,53382,2703,1.08,1.04
429,shadow,Sweden,"['Rogue Academy', 'Tempo Storm', 'Tempo Storm', 'fightclub', 'Unity']",199,5204,300,1.09,1.04
430,buue,Israel,"['Smoke Criminals', 'Asterion']",152,4015,156,1.06,1.04
431,HSK,Korea,"['MVP PK', 'MVP Project', 'GOSU']",540,13851,845,1.1,1.04
432,KAB0M,Sweden,"['DenDD', 'Property', 'AliGon', 'GreyFace']",235,6154,320,1.08,1.04
433,IyeN,Australia,"['Corvidae', 'Chiefs', 'AVANT', 'Athletico']",352,9102,239,1.04,1.04
434,desh,Brazil,"['Jaguares', 'Asterius', 'Uranus']",109,2862,114,1.06,1.04
435,oBo,United States,"['Evil Geniuses', 'Evil Geniuses', 'Complexity', 'Complexity', 'Adaptation']",338,9084,370,1.06,1.04
436,rigoN,Switzerland,"['c0ntact', 'm1x']",182,4825,49,1.01,1.04
437,sam_A,Colombia,"['Vault', 'Infinity', 'Infinity', 'Colombia']",250,6314,263,1.06,1.04
438,eraa,Sweden,['GamerLegion'],346,9384,406,1.06,1.04
439,L0NER,United States,"['Big Frames', 'CheckSix', 'Squirtle Squad']",169,4235,175,1.06,1.04
440,Delpan,Sweden,"['Lemondogs', 'ESG!', 'Sweden']",154,3996,146,1.05,1.04
441,ANDROID,Canada,"['Complexity', 'Complexity', 'Envy']",835,21741,1036,1.07,1.04
442,DiMKE,Serbia,"['ONYX', 'ONYX', 'lvlUP', 'RESISTANCE', 'BLUEJAYS', 'Juggernauts']",532,13913,536,1.06,1.04
443,LOVEYY,China,"['Flash', 'VG.CyberZen', 'VG.Flash']",708,17977,699,1.06,1.04
444,JUST,Portugal,"['SAW', 'OFFSET']",686,18088,719,1.06,1.04
445,stax,Korea,"['MVP PK', 'GOSU']",243,6188,318,1.08,1.04
446,dEE,Serbia,"['4glory', 'lvlUP', 'Juggernauts', 'BLUEJAYS']",392,10335,493,1.07,1.04
447,Dodz,Estonia,['WASD'],158,4055,110,1.04,1.04
448,COLON,Denmark,"['Playing Ducks', 'AWESOME', 'Reason']",130,3318,92,1.04,1.04
449,JonY BoY,Argentina,"['Furious', 'Furious', 'Gale Force', 'Miami Flamingos', 'Isurus']",414,10643,414,1.06,1.04
450,points,Colombia,"['Infinity', 'Infinity', 'Vault', 'Colombia', 'FULL SEND']",161,3999,148,1.05,1.04
451,land1n,Brazil,"['paiN', 'Wild', 'Case', 'Case', 'BigGods']",728,19045,1160,1.1,1.04
452,PLAYER1,Canada,"['FRENCH CANADIANS', 'District 7']",148,3886,166,1.06,1.04
453,dobu,Mongolia,"['5POWER', 'TIGER', 'TheMongolz']",719,18826,646,1.05,1.04
454,4sh0t,United States,"['Freedom 35', 'Torqued', 'ex-Synthetik']",144,3742,191,1.08,1.03
455,tconnors,United States,"['Third Impact', 'Third Impact', 'Beacon', 'Squirtle Squad', 'Excelerate', 'Iceberg', 'ex-Iceberg']",195,5080,235,1.07,1.03
456,Davidp,Belgium,"['3DMAX', 'Heretics', 'Heretics']",774,20539,1009,1.08,1.03
457,tb,China,"['VG.CyberZen', 'CyberZen', 'ViCi']",619,15737,708,1.07,1.03
458,emilio,Sweden,"['dreamchasers', 'ESG!', 'WRTT', 'Absolute Legends']",152,3887,121,1.05,1.03
459,tarik,United States,"['CLG', 'Evil Geniuses', 'Evil Geniuses', 'Cloud9', 'OpTic']",1429,37112,1323,1.05,1.03
460,Zyphon,Denmark,"['Copenhagen Flames', 'Astralis Talent']",185,4874,197,1.06,1.03
461,jkaem,Norway,"['Renegades', 'FaZe', '100 Thieves', '100 Thieves']",1166,30745,837,1.04,1.03
462,Relaxa,Sweden,"['Apeks', 'Apeks', 'Chaos', 'Red Reserve', 'Japaleno', 'Galaxy Racer']",1169,31162,2001,1.11,1.03
463,rAge,Ukraine,"['Hard Legion', 'Windigo Academy']",380,10128,685,1.11,1.03
464,shushan,Israel,"['Aequus', 'Finest', 'Finest', 'exDT']",110,2916,115,1.06,1.03
465,afro,France,"['DBL PONEY', 'LDLC', 'LDLC']",356,9422,408,1.07,1.03
466,juho,Finland,"['ENCE', 'iGame.com']",750,19740,298,1.02,1.03
467,waffe,Australia,"['Funky Monkeys', 'Ground Zero', 'TRIDENT', 'Legacy']",213,5440,197,1.05,1.03
468,Patsi,Russia,"['Spirit Academy', 'Spirit Academy', 'Espada']",407,10936,314,1.04,1.03
469,kressy,Germany,"['Sprout', 'ALTERNATE aTTaX', 'EURONICS']",1045,27972,1243,1.07,1.03
470,Plopski,Sweden,"['NIP', 'NIP', 'x6tence Galaxy', 'Singularity']",864,22976,971,1.06,1.03
471,captainMo,China,"['TYLOO', 'OneThree']",802,20665,677,1.05,1.03
472,NK4Y,Bulgaria,"['Outlaws', 'Bpro', 'ex-Epsilon']",480,12325,429,1.05,1.03
473,Excali,India,['Entity'],138,3439,140,1.06,1.03
474,sLowi,Finland,['HAVU'],1032,27708,978,1.05,1.03
475,Blytz,Romania,['Nexus'],163,4245,77,1.03,1.03
476,WolfY,United States,"['Lyngby Vikings', 'Secret Club', 'Swedish Canadians']",321,8491,425,1.08,1.03
477,Subroza,Canada,"['Ghost', 'FRENCH CANADIANS', 'CLG', 'Lazarus', 'Orgless']",623,16275,375,1.03,1.03
478,dipparn,Sweden,"['Manatee', 'Gatekeepers', 'Singularity', 'DenDD']",191,5044,192,1.06,1.03
479,Szejn,Poland,"['mouz NXT', 'Izako Boars']",387,10427,214,1.03,1.03
480,zedzke,Australia,"['AVANT', 'Athletico']",136,3443,125,1.05,1.03
481,LEEROY,Chile,"['Rejected', 'Hafnet', 'All Knights']",253,6585,147,1.03,1.03
482,DaY,Norway,"['Temp.no', 'Epiphany Bolt', 'BX3']",113,2909,105,1.05,1.03
483,Maluk3,Brazil,['TeamOne'],878,22846,1127,1.08,1.03
484,USTILO,Australia,"['ORDER', 'Renegades']",1016,26203,748,1.04,1.03
485,HECTOz,Denmark,"['Tricked', 'AGF', 'x6tence']",354,9307,291,1.05,1.03
486,Xyp9x,Denmark,"['Astralis', 'TSM']",1805,46938,2672,1.09,1.03
487,LoWkii,France,"['Limitless', 'Platinium', 'Epsilon', 'Red Instinct']",114,2991,77,1.04,1.03
488,phzy,Sweden,"['Young Ninjas', 'Young Ninjas']",299,8011,450,1.09,1.03
489,flamie,Russia,['Natus Vincere'],1500,39559,1497,1.06,1.03
490,yam,Australia,"['Renegades', 'Tainted Minds']",547,14003,650,1.07,1.03
491,AiyvaN,Ukraine,"['pro100', ""spray'n'pray""]",692,18003,613,1.05,1.03
492,c0llins,Serbia,"['4glory', 'PSYCHOACTIVE', 'Ripple']",187,4917,135,1.04,1.03
493,snedker,Denmark,['Tricked'],271,7016,359,1.08,1.03
494,sperr,Estonia,"['WASD', 'OnlineBOTS']",199,5114,141,1.04,1.03
495,KalubeR,Bulgaria,"['SKADE', 'FATE']",221,5772,207,1.05,1.03
496,alex,Spain,['Movistar Riders'],1141,30223,1276,1.06,1.03
497,Krad,Russia,"['Entropiq', 'DreamEaters', 'Hard Legion', 'Winstrike']",913,24324,684,1.04,1.03
498,rain,Norway,['FaZe'],1467,38773,847,1.03,1.03
499,znajder,Sweden,"['GODSENT', 'fnatic', 'EURONICS']",1050,27577,1070,1.06,1.03
500,RIKO,United States,"['Monstars', 'Denial']",399,10376,181,1.02,1.03
